{
  "posts": [
    {
      "id": 1,
      "title": "json-server",
      "author": "typicode"
    }
  ],
  "details": [
    {
      "id": 2,
      "name": "Surya",
      "location": "Banglore"
    },
    {
      "id": "1",
      "name": "bhaskar",
      "location": "chennai"
    },
    {
      "id": 11,
      "name": "sdfsd",
      "location": "sdfsdf"
    }
  ],
  "comments": [
    {
      "id": 1,
      "body": "some comment",
      "postId": 1
    }
  ],
  "profile": {
    "name": "typicode"
  }
}